family,MAE,RMSE,MAPE (%)
AUTOMOTIVE,4.066093718027419,5.656818076531361,80.14402752635928
BABY CARE,0.3196234908942091,0.8297960530554854,84.98774509803923
BEAUTY,3.024350317167997,5.032328472458509,77.84742420417132
BEVERAGES,737.9193779414774,1362.9482335938212,21.165133925428062
BOOKS,0.27910783711888687,0.7744381515545188,81.8370646766169
BREAD/BAKERY,98.63816894925313,174.90219729170167,19.54485721278456
CELEBRATION,7.179046449764682,13.243273191976503,81.15512441425803
CLEANING,315.60978105177,578.632733245908,25.471851041674583
DAIRY,171.65295682422754,320.02371030688334,18.63252226097904
DELI,68.52990165582158,118.70468365891499,22.306264601720134
EGGS,52.25506445672192,90.66950183791631,33.90582452811282
FROZEN FOODS,54.976994737262125,156.0450139470834,43.84870060594279
GROCERY I,979.5105554532432,1817.3830992238911,20.74730720781045
GROCERY II,11.422958870472682,21.13831887017636,79.40977805292128
HARDWARE,1.3635154491508084,2.0749955931722024,84.61814233596037
HOME AND KITCHEN I,20.32780847145488,46.04420212374404,76.97751511678415
HOME AND KITCHEN II,12.736239001432372,26.61682727464341,55.78785686143346
HOME APPLIANCES,0.7088193165541232,1.2324478761986455,78.21919289777442
HOME CARE,70.60998567628401,119.17193319892714,23.951932032646003
LADIESWEAR,5.645999590750972,10.158595050842324,76.32976665197275
LAWN AND GARDEN,9.705545324329854,27.44947923685371,93.92529192477016
LINGERIE,4.590444035195416,6.803754725972187,95.52622204177806
"LIQUOR,WINE,BEER",51.6621649273583,114.74123073548444,91.8936791963769
MAGAZINES,3.7044198895027622,5.953033902624356,80.79506873481071
MEATS,74.64470515009208,136.55170111405235,23.191168115487493
PERSONAL CARE,96.63300593411091,168.5305966322666,30.215885597335596
PET SUPPLIES,3.832719459791283,6.192127188955915,67.48177734445386
PLAYERS AND ELECTRONICS,5.3024350317168,8.64104679938934,68.47005907276808
POULTRY,84.06678648311846,188.5676076378838,23.761540039768093
PREPARED FOODS,25.396748432985476,41.672314070216224,32.93355370804637
PRODUCE,384.070413213628,831.1327777790992,16.961948254132487
SCHOOL AND OFFICE SUPPLIES,4.224166155105381,14.345159796127309,106.86924909323068
SEAFOOD,7.526323928401882,13.36530969599437,66.55390961021396
