family,total_sales,average_sales,median_sales,sales_std
GROCERY I,343462734.886,3776.9721000043983,3185.0,2874.208844794154
BEVERAGES,216954486.0,2385.7931512272366,1784.0,2307.882305384152
PRODUCE,122704684.67646,1349.352123212589,398.2905,2186.4813324594106
CLEANING,97521289.0,1072.4167436438813,938.0,734.6814930722705
DAIRY,64487709.0,709.1548891528108,520.0,671.9496379604717
BREAD/BAKERY,42133945.576369,463.3362538089316,401.0,368.2463668326982
POULTRY,31876004.471721,350.53229163060837,205.743,400.51163131804117
MEATS,31086468.4040749,341.84996485522674,224.93650000000002,455.9084981035337
PERSONAL CARE,24592051.0,270.43251297615905,222.0,226.5120071931592
DELI,24110322.468767,265.13506717655275,218.9715,210.41707347087237
HOME CARE,16022744.0,176.19802938330255,143.0,209.9165795838816
EGGS,15588296.0,171.4205155274039,131.0,161.82678337846352
FROZEN FOODS,14073887.7199105,154.76695390066092,83.0,324.97130458441404
PREPARED FOODS,8799895.1169425,96.77020230648479,63.96,104.69514431361264
"LIQUOR,WINE,BEER",7746640.0,85.18782440397642,47.0,126.55563652302287
SEAFOOD,2015431.8828236,22.163190406699215,8.0,32.62762760461624
GROCERY II,1962767.0,21.58404812175596,12.0,31.062424996480146
HOME AND KITCHEN I,1861491.0,20.470341778833465,12.0,35.96764581869391
HOME AND KITCHEN II,1520670.0,16.722420163631565,9.0,31.29882320427241
CELEBRATION,761177.0,8.370469341075042,3.0,15.927113864400527
LINGERIE,653114.0,7.182128090085334,5.0,9.474520150311044
LADIESWEAR,651159.0,7.16062945368171,0.0,13.946301704461703
PLAYERS AND ELECTRONICS,562608.0,6.186856690419636,2.0,10.544497053587614
AUTOMOTIVE,554822.0,6.101236034133897,5.0,6.191690575085025
LAWN AND GARDEN,548842.0,6.035475499252222,1.0,12.28345844464396
PET SUPPLIES,356584.0,3.9212633060614057,0.0,7.657852409617248
BEAUTY,337893.0,3.7157231459487994,2.0,4.794667864422452
SCHOOL AND OFFICE SUPPLIES,269316.0,2.9615993665874902,0.0,21.74593696553761
MAGAZINES,266359.0,2.9290819917304476,0.0,6.008492413476358
HARDWARE,103470.0,1.1378332013723937,1.0,1.6380395845934248
HOME APPLIANCES,41601.0,0.45747558722618104,0.0,0.9695510459604864
BABY CARE,10051.0,0.11052828362804609,0.0,0.6810643769559659
BOOKS,6438.0,0.07079704407495381,0.0,0.5479805784506494
