family,mean_sales,std_sales,coefficient_of_variation
BOOKS,0.07079704407495381,0.5479805784506494,7.740161833176182
SCHOOL AND OFFICE SUPPLIES,2.9615993665874902,21.74593696553761,7.342632906690015
BABY CARE,0.11052828362804609,0.6810643769559659,6.161901321546883
HOME APPLIANCES,0.45747558722618104,0.9695510459604864,2.1193503501229007
FROZEN FOODS,154.76695390066092,324.97130458441404,2.0997460788237836
MAGAZINES,2.9290819917304476,6.008492413476358,2.051322711497964
LAWN AND GARDEN,6.035475499252222,12.28345844464396,2.035209727247811
PET SUPPLIES,3.9212633060614057,7.657852409617248,1.952904411642009
LADIESWEAR,7.16062945368171,13.946301704461703,1.9476362789993373
CELEBRATION,8.370469341075042,15.927113864400527,1.902774290832653
HOME AND KITCHEN II,16.722420163631565,31.29882320427241,1.8716682691864217
HOME AND KITCHEN I,20.470341778833465,35.96764581869391,1.757061323513651
PLAYERS AND ELECTRONICS,6.186856690419636,10.544497053587614,1.7043383387101556
PRODUCE,1349.352123212589,2186.4813324594106,1.6203934427833058
"LIQUOR,WINE,BEER",85.18782440397642,126.55563652302287,1.4856070971230892
SEAFOOD,22.163190406699215,32.62762760461624,1.472153918542069
HARDWARE,1.1378332013723937,1.6380395845934248,1.4396131020062597
GROCERY II,21.58404812175596,31.062424996480146,1.4391380533093936
MEATS,341.84996485522674,455.9084981035337,1.3336508555635238
LINGERIE,7.182128090085334,9.474520150311044,1.3191800579817383
BEAUTY,3.7157231459487994,4.794667864422452,1.2903727420192785
HOME CARE,176.19802938330255,209.9165795838816,1.1913673513750114
POULTRY,350.53229163060837,400.51163131804117,1.1425812710576209
PREPARED FOODS,96.77020230648479,104.69514431361264,1.0818944449659045
AUTOMOTIVE,6.101236034133897,6.191690575085025,1.0148256091790373
BEVERAGES,2385.7931512272366,2307.882305384152,0.9673438387552551
DAIRY,709.1548891528108,671.9496379604717,0.9475357897669066
EGGS,171.4205155274039,161.82678337846352,0.9440339324647131
PERSONAL CARE,270.43251297615905,226.5120071931592,0.8375916220292942
BREAD/BAKERY,463.3362538089316,368.2463668326982,0.7947713217031229
DELI,265.13506717655275,210.41707347087237,0.793622193064172
GROCERY I,3776.9721000043983,2874.208844794154,0.7609822812275492
CLEANING,1072.4167436438813,734.6814930722705,0.6850708900496588
