date,actual_sales,forecast_sales
2017-07-05,11661.0,11509.857
2017-07-06,8613.0,9904.879
2017-07-07,10729.0,11271.551
2017-07-10,10740.0,10373.554
2017-07-11,8228.0,9789.748
2017-07-12,8692.0,9875.93
2017-07-13,7302.0,8138.0693
2017-07-14,10420.0,10684.285
2017-07-17,11377.0,9875.658
2017-07-18,9816.0,10292.832
2017-07-19,10002.0,9223.301
2017-07-20,8964.0,8212.796
2017-07-21,11043.0,10849.602
2017-07-24,10864.0,10548.9
2017-07-25,9052.0,9785.525
2017-07-26,9472.0,9195.858
2017-07-27,8061.0,7676.003
2017-07-28,11241.0,11578.538
2017-07-31,11544.0,13080.693
2017-08-01,12327.0,11572.601
2017-08-02,12494.0,11479.602
2017-08-03,9583.0,12824.642
2017-08-04,11562.0,12241.645
2017-08-07,10574.0,11577.344
2017-08-08,8693.0,9572.914
2017-08-09,9345.0,9995.881
2017-08-10,8044.0,8475.0205
2017-08-11,11088.0,11661.025
2017-08-14,9665.0,10848.293
2017-08-15,9287.0,8627.91
