date,actual_sales,forecast_sales,error,absolute_error,percentage_error
2017-07-05,11661.0,11627.06,33.94000000000051,33.94000000000051,0.291055655604155
2017-07-06,8613.0,9310.782,-697.7819999999992,697.7819999999992,8.101497735980486
2017-07-07,10729.0,11044.37,-315.3700000000008,315.3700000000008,2.939416534625788
2017-07-10,10740.0,10670.076,69.92400000000089,69.92400000000089,0.6510614525139747
2017-07-11,8228.0,9929.689,-1701.6890000000003,1701.6890000000003,20.681684491978615
2017-07-12,8692.0,9435.428,-743.4279999999999,743.4279999999999,8.553014265991715
2017-07-13,7302.0,7707.345,-405.34500000000025,405.34500000000025,5.551150369761713
2017-07-14,10420.0,10792.674,-372.6740000000009,372.6740000000009,3.5765259117082624
2017-07-17,11377.0,9811.923,1565.0769999999993,1565.0769999999993,13.756499956051677
2017-07-18,9816.0,10177.641,-361.6409999999996,361.6409999999996,3.6841992665036636
2017-07-19,10002.0,9325.042,676.9580000000005,676.9580000000005,6.76822635472906
2017-07-20,8964.0,8094.362,869.6379999999999,869.6379999999999,9.701450245426148
2017-07-21,11043.0,10923.902,119.09799999999996,119.09799999999996,1.0784931630897399
2017-07-24,10864.0,10316.78,547.2199999999993,547.2199999999993,5.037002945508094
2017-07-25,9052.0,9739.516,-687.5159999999996,687.5159999999996,7.595183384887314
2017-07-26,9472.0,9005.718,466.28199999999924,466.28199999999924,4.922740709459451
2017-07-27,8061.0,7857.8394,203.16060000000016,203.16060000000016,2.5202902865649444
2017-07-28,11241.0,11682.722,-441.72199999999975,441.72199999999975,3.929561426919311
2017-07-31,11544.0,12427.331,-883.3310000000001,883.3310000000001,7.65186243936244
2017-08-01,12327.0,11615.249,711.7510000000002,711.7510000000002,5.773919039506775
2017-08-02,12494.0,11509.727,984.2729999999992,984.2729999999992,7.877965423403227
2017-08-03,9583.0,11391.961,-1808.9609999999993,1808.9609999999993,18.876771365960547
2017-08-04,11562.0,12300.931,-738.9310000000005,738.9310000000005,6.391030963501129
2017-08-07,10574.0,11383.566,-809.5660000000007,809.5660000000007,7.6561944391904735
2017-08-08,8693.0,9795.357,-1102.357,1102.357,12.680973196825033
2017-08-09,9345.0,9809.486,-464.4860000000008,464.4860000000008,4.9704226859283125
2017-08-10,8044.0,8321.382,-277.3819999999996,277.3819999999996,3.4483092988562856
2017-08-11,11088.0,11152.287,-64.28700000000026,64.28700000000026,0.5797889610389634
2017-08-14,9665.0,10121.69,-456.6900000000005,456.6900000000005,4.725193998965344
2017-08-15,9287.0,8620.943,666.0570000000007,666.0570000000007,7.171928502207395
