onpromotion,average_sales,median_sales,total_sales,observations
0,158.24668139364272,3.0,378139781.7443115,2389559
1,467.5565320027396,145.348,81612460.2176102,174551
2,662.9256320707253,245.3115,52627014.2275666,79386
3,871.4080922566111,325.39099999999996,39964517.9270727,45862
4,969.9161352644904,346.0,30706574.9263385,31659
5,1010.6598346031378,348.0,24801592.341161,24540
6,1022.8542865839938,358.0,22583599.793488,22079
7,1022.5670576434953,358.342,19343901.029442,18917
8,1174.757003221595,420.0,18310937.409215,15587
9,1258.733993302527,434.0,17433465.80724,13850
10,1303.9854789589315,450.0,16351977.906145,12540
11,1264.3563487374058,466.0,13929413.89404,11017
12,1218.0661594229932,469.0,11760428.769229,9655
13,1322.5520073347127,531.0,11186144.878037,8458
14,1376.628033400055,592.0,9958527.193616,7234
15,1446.988238976828,704.0,9241913.882345,6387
16,1498.3338411046154,727.0,8765252.970462,5850
17,1559.5886384485068,783.5,8147291.047255,5224
18,1526.6804123668737,782.0,7373866.391732,4830
19,1619.2923657654956,861.0,7236617.582606,4469
20,1628.30127581893,859.0,7122189.780432,4374
21,1649.418300755523,945.0,6719730.157278,4074
22,1731.7763019116292,1051.0,6388522.777752,3689
23,1830.6793064201531,1101.0,6213325.56599,3394
24,1918.5678960535324,1207.0,6164358.65002,3213
25,1994.3188432006918,1271.5,5763581.45685,2890
26,2072.0856464574317,1336.5,5743821.41198,2772
27,2067.5011425960865,1394.0,5917188.27011,2862
28,2145.497764890227,1483.5,6058885.68805,2824
29,2095.156032095238,1336.128,5939767.35099,2835
30,2194.985512476736,1347.0,6132789.52186,2794
31,2344.5921096313214,1558.5,5748939.852816,2452
32,2564.096264757549,1613.5,5774344.788234,2252
33,2627.5482343208664,1750.0,5339178.01214,2032
34,2561.1562613375795,1730.0,5227319.92939,2041
35,2358.831566392614,1560.077,4854475.363636,2058
36,2417.8154669894097,1582.0,4794528.07104,1983
37,2250.121424611863,1454.1734999999999,4324733.378104,1922
38,2171.1892493258656,1366.2945,4264215.685676,1964
39,2165.9947984242426,1383.0,4145714.044184,1914
40,2143.91662355287,1451.0,4257818.414376,1986
41,2266.7495944,1388.7775000000001,4057481.773976,1790
42,2187.1477676473264,1500.0,3845005.775524,1758
43,2218.2104888812432,1536.5,3997215.300964,1802
44,2232.396782430639,1532.0,3701313.86527,1658
45,2294.562645795848,1602.0,3978771.62781,1734
46,2323.9838311074277,1622.831,3785769.660874,1629
47,2409.3707819281435,1724.5,4023649.20582,1670
48,2408.9697593773826,1748.5,3791718.40126,1574
49,2481.921425419355,1820.529,3846978.2094,1550
50,2601.3619263136457,1863.0,3831806.11746,1473
51,2504.587955902828,1913.0,3453826.79119,1379
52,2678.4050596268658,2109.5,3589062.7799,1340
53,2763.2389555147056,2004.5194999999999,3758004.9795,1360
54,2816.183972259414,2358.0,3365339.84685,1195
55,2947.9562495412843,2567.5,3213272.312,1090
56,3141.447769502392,2690.0,3282812.91913,1045
57,3244.2004499595555,2810.0,3208514.24501,989
58,3351.8807516543734,2831.812,3180934.83332,949
59,3221.361674129512,2705.0,3034522.69703,942
60,3292.259192320086,2745.0,3065093.30805,931
61,3248.811293028083,2836.0,2660776.44899,819
62,3269.0516819830714,2735.0,2703505.741,827
63,3212.1840638591916,2760.0,2463745.17698,767
64,3322.333281657895,2947.9435000000003,2524973.29406,760
65,3202.3379291527776,2745.0,2305683.30899,720
66,3200.153218344923,2759.286,2300910.16399,719
67,3357.575968176292,2910.4725,2209284.98706,658
68,3343.339717140625,2799.5,2139737.41897,640
69,3751.5807708717107,3371.1679999999997,2280961.10869,608
70,3280.149619114754,2728.383,2000891.26766,610
71,3505.4192519809826,2986.0,2211919.548,631
72,3600.5562977570094,3124.0,1926297.6193,535
73,3797.3046717590823,3221.0,1985990.34333,523
74,3337.816871082164,2695.0,1665570.61867,499
75,3497.0205464767932,3004.0,1657587.73903,474
76,3987.2323637045456,3414.8644999999997,1754382.24003,440
77,3972.019302671395,3414.0,1680164.16503,423
78,3474.052201709184,2863.526,1361828.46307,392
79,3702.4860276944446,3098.0,1332894.96997,360
80,3309.7966167663044,2578.1205,1218005.15497,368
81,3319.3408375451263,2247.672,919457.412,277
82,3659.818679221184,2936.0,1174801.79603,321
83,3432.349592006472,2766.338,1060596.02393,309
84,3653.7797462295084,3125.992,1114402.8226,305
85,3152.3460037262357,2379.0,829066.99898,263
86,3785.7402675090257,3118.158,1048650.0541,277
87,3738.624918285714,2959.0,915963.10498,245
88,3568.390130252101,3014.684,849276.851,238
89,3577.858654573991,2880.669,797862.47997,223
90,3599.158779116022,2820.047,651447.73902,181
91,4082.444183783784,3320.148,755252.174,185
92,3819.837557894737,3337.1525,725769.136,190
93,4670.035352331606,3799.835,901316.823,193
94,4279.2859233918125,3656.0,731757.8929,171
95,4298.100188679246,3572.0,683397.93,159
96,4127.74743030303,3352.027,681078.326,165
97,4258.660573372781,3355.902,719713.6369,169
98,4600.696096590909,3532.1315,809722.513,176
99,4483.956628742515,3882.508,748820.757,167
100,4329.707972972973,3198.8835,640796.78,148
101,4030.819778431373,3243.539,616715.4261,153
102,4310.758530344828,3413.0,625059.9869,145
103,3954.677923448276,3292.0,573428.2989,145
104,3810.783834532374,2613.21,529698.953,139
105,4025.7032641317364,2972.0,672292.44511,167
106,3556.700993103448,2502.0,515721.644,145
107,3990.8398421383645,2694.496,634543.5349,159
108,3795.6216704511276,2573.468,504817.68217,133
109,3404.933082758621,2459.555,493715.297,145
110,3706.3938888111884,2641.023,530014.3261,143
111,3572.138020886076,2224.834,564397.8073,158
112,4173.870518897638,2829.93,530081.5559,127
113,3514.860876470588,2526.198,537773.7141,153
114,3607.546716322581,2262.134,559169.74103,155
115,3411.5039791366908,2323.509,474199.0531,139
116,3388.6017191780825,2388.7285,494735.851,146
117,3990.1466744696972,3092.5,526699.36103,132
118,3060.162520714286,2056.806,428422.7529,140
119,3039.879394117647,2017.697,361745.6479,119
120,3453.0716636363636,2105.768,379837.883,110
121,3582.0975508333336,2192.6315,429851.7061,120
122,3402.3368046875,2127.616,435499.111,128
123,3180.1116609375,2106.569,407054.2926,128
124,3404.201124263566,2145.638,439141.94503,129
125,3486.044100909091,2364.855,383464.8511,110
126,3429.780190551181,2187.784,435582.0842,127
127,4571.701988924731,2539.845,425168.28497,93
128,4193.2834153124995,2546.428,402555.20787,96
129,3724.1021666666666,2067.368,402203.034,108
130,3645.84725,1987.1615000000002,335417.947,92
131,3796.470848235294,1943.155,322700.0221,85
132,3588.7683494382018,2387.264,319400.3831,89
133,3729.360677419355,2099.7969,346830.543,93
134,4021.701942253521,2116.661,285540.8379,71
135,4858.272344444445,2166.137,393520.0599,81
136,3727.778342857143,2143.4080000000004,260944.484,70
137,4871.853198666667,2559.063,365388.9899,75
138,3879.2572933333336,2195.193,290944.297,75
139,3736.4368225,2120.1485000000002,298914.9458,80
140,3236.149016949152,2106.071,190932.792,59
141,3520.0290453125,1804.9319999999998,225281.8589,64
142,2837.6732156862745,2073.836,144721.334,51
143,3052.7770065217396,1794.4745,140427.7423,46
144,3388.3537944444447,1940.775,182971.1049,54
145,3007.0146574468085,2217.641,141329.6889,47
146,3480.724722222222,1914.9125,125306.09,36
147,3210.1000355932206,2499.565,189395.9021,59
148,3963.0801583333337,2779.219,190227.8476,48
149,4077.86944117647,3026.768,138647.561,34
150,3473.9512,2345.758,156327.804,45
151,3224.7377470588235,2860.424,164461.6251,51
152,3334.0395025,2960.08305,133361.5801,40
153,3318.2638515151516,2933.081,109502.7071,33
154,3059.242,2934.1360000000004,110132.712,36
155,3321.0651758620693,2952.486,96310.8901,29
156,3006.709409090909,2566.489,66147.607,22
157,2836.6459322580645,2901.447,87936.0239,31
158,2915.4095538461543,2660.8379999999997,75800.6484,26
159,3162.6449285714284,2889.027,66415.5435,21
160,3020.7933548387095,2528.66,93644.594,31
161,2960.028057142857,2591.477,103600.982,35
162,2990.0036821428575,2928.6625000000004,83720.10310000001,28
163,3041.4415789473683,2503.0119999999997,115574.78,38
164,3017.6881083333337,2792.8485,108636.7719,36
165,3397.0506794117646,2770.309,115499.7231,34
166,3767.026807317073,2887.033,154448.0991,41
167,3537.902777777778,3122.368,159205.625,45
168,3446.393382352941,2941.3525,117177.375,34
169,3337.602116666667,2581.4539999999997,140179.2889,42
170,3200.8471,2764.7475000000004,128033.884,40
171,3519.4293947368424,3200.7995,133738.317,38
172,4043.318176190476,3460.90795,169819.3634,42
173,3539.1368684210524,2847.2529999999997,134487.201,38
174,4286.072615384615,3406.288,167156.832,39
175,3715.434705882353,3286.4945,126324.78,34
176,3697.7357803921573,3109.175,188584.5248,51
177,4977.631380000001,3429.73,223993.41210000002,45
178,4451.412073214286,3315.952,249279.0761,56
179,3785.509092,3374.3355,189275.4546,50
180,4589.8640875,3595.1815,257032.3889,56
181,4894.059904,3442.3355,244702.9952,50
182,4330.291364150943,3521.615,229505.4423,53
183,5093.042661016949,3639.62,300489.517,59
184,4474.008278723404,3403.01,210278.3891,47
185,4345.691653968253,3534.642,273778.5742,63
186,4734.304802222222,3629.959,213043.7161,45
187,4470.651368627451,3699.695,228003.2198,51
188,4346.4319318181815,3512.995,191243.005,44
189,3892.6648853658535,3610.039,159599.2603,41
190,4967.521391304348,3995.201,228505.984,46
191,4095.921807692308,3523.7,212987.934,52
192,3949.245048837209,3468.572,169817.5371,43
193,5395.629291111111,3500.365,242803.3181,45
194,4271.377469387755,3674.242,209297.49599999998,49
195,4590.496256410256,3389.063,179029.354,39
196,5072.53575,4043.1195,162321.144,32
197,4968.911186274509,4064.356,253414.4705,51
198,4608.070516666666,3939.0654999999997,138242.11549999999,30
199,5401.014282051282,4363.39,210639.557,39
200,4860.468257894737,4009.4345000000003,184697.79379999998,38
201,5742.207756250001,4712.2615000000005,275625.9723,48
202,5591.673932142857,4122.704,313133.7402,56
203,5148.564809523809,3774.7185,216239.722,42
204,5622.76283255814,4392.909,241778.80180000002,43
205,5719.02996,5665.569,257356.3482,45
206,5891.681205882353,4596.595,300475.7415,51
207,5832.663943333333,5946.6075,349959.8366,60
208,6270.8219693877545,6361.502,307270.2765,49
209,6004.4592960526315,5573.2029999999995,456338.9065,76
210,6363.8583845070425,5905.952,451833.9453,71
211,5772.464737704918,5368.291,352120.349,61
212,6102.516549295775,6255.198,433278.675,71
213,5964.121918644068,4954.598,351883.1932,59
214,6002.4493999999995,4855.949,270110.223,45
215,6668.307357894737,6362.508,380093.5194,57
216,6440.389202040817,6433.565,315579.0709,49
217,7123.733684782608,7618.9349999999995,327691.7495,46
218,7587.066391489362,7596.521,356592.1204,47
219,6356.213765517242,4819.722,184330.1992,29
220,6507.764612903226,6621.06,201740.703,31
221,7311.78497,7394.371,219353.5491,30
222,7958.213677419355,8905.009,246704.624,31
223,7466.33796875,7234.771000000001,238922.815,32
224,6029.760291304348,6659.645,138684.4867,23
225,7386.787727272726,7948.757,162509.33,22
226,8002.014399999999,7897.675,200050.36,25
227,7171.201315789474,7238.647,136252.825,19
228,9092.185552173913,8200.484,209120.2677,23
229,8396.410666666667,7780.412,226703.088,27
230,7093.150117647058,7168.129,120583.552,17
231,9379.60032,10294.375,234490.008,25
232,6898.236166666667,7790.853,82778.834,12
233,8743.222666666667,8216.5415,104918.672,12
234,9579.789277777778,8012.635,172436.207,18
235,8214.40487857143,7256.082,115001.6683,14
236,9373.002952380954,9055.354,196833.062,21
237,8201.20825,7414.488,131219.332,16
238,9090.646833333332,8294.7,81815.82149999999,9
239,7451.423199999999,7164.494,37257.115999999995,5
240,7949.924857142857,8003.299,55649.474,7
241,9250.78025,10733.7795,92507.8025,10
242,9972.568444444443,10645.648,89753.116,9
243,7713.792050000001,8261.8555,77137.92050000001,10
244,10527.785333333333,11230.245,63166.712,6
245,7331.328666666666,7273.817,65981.958,9
246,11490.971,11490.971,11490.971,1
247,9297.24,11770.139,46486.2,5
248,12169.133,12169.133,12169.133,1
249,12377.413,12377.413,24754.826,2
250,12231.239,12231.239,12231.239,1
251,10599.315666666667,10461.01,31797.947,3
252,4737.862,1618.0,14213.586,3
253,3034.0,3034.0,3034.0,1
254,1581.0,1581.0,1581.0,1
255,1936.0,1936.0,1936.0,1
258,1452.0,1452.0,2904.0,2
259,2303.0,2303.0,2303.0,1
261,2286.0,2286.0,4572.0,2
263,5584.0,5584.0,5584.0,1
264,1995.5,1995.5,3991.0,2
269,1971.5,1971.5,3943.0,2
275,4284.0,4284.0,4284.0,1
276,2425.0,2438.0,9700.0,4
277,2401.0,2401.0,2401.0,1
279,0.0,0.0,0.0,1
281,3032.0,3032.0,3032.0,1
282,2450.5,2450.5,4901.0,2
283,2593.0,2593.0,2593.0,1
285,2947.0,2947.0,2947.0,1
286,3473.0,3473.0,3473.0,1
289,2948.0,2948.0,2948.0,1
290,3699.0,3699.0,3699.0,1
293,2878.5,2878.5,5757.0,2
294,3780.0,3780.0,3780.0,1
297,4984.0,4984.0,4984.0,1
299,3179.0,3179.0,3179.0,1
300,3458.0,3458.0,3458.0,1
302,3252.5,3252.5,6505.0,2
304,3251.25,3269.5,13005.0,4
305,2963.0,2963.0,2963.0,1
306,2483.0,2483.0,2483.0,1
307,3225.0,3225.0,3225.0,1
312,3919.0,3919.0,3919.0,1
313,3334.0,3334.0,3334.0,1
317,3130.0,3130.0,3130.0,1
320,4601.0,4601.0,4601.0,1
322,4042.0,4042.0,4042.0,1
326,4578.0,4578.0,4578.0,1
330,3142.0,3142.0,3142.0,1
332,4577.0,4577.0,4577.0,1
333,4314.0,4314.0,4314.0,1
342,5601.0,5601.0,5601.0,1
383,1762.0,1762.0,1762.0,1
391,1509.0,1509.0,1509.0,1
407,2094.0,2094.0,2094.0,1
411,1598.0,1598.0,1598.0,1
420,2256.0,2256.0,2256.0,1
424,1757.0,1757.0,1757.0,1
425,2123.0,2123.0,2123.0,1
435,2051.5,2051.5,4103.0,2
441,4321.0,4321.0,4321.0,1
444,4485.0,4485.0,4485.0,1
446,2445.0,2445.0,2445.0,1
452,2712.0,2712.0,2712.0,1
464,3582.0,3582.0,3582.0,1
467,1568.0,1568.0,1568.0,1
469,2669.0,2669.0,2669.0,1
470,2282.0,2282.0,2282.0,1
473,2583.0,2583.0,2583.0,1
474,2625.0,2625.0,2625.0,1
476,2907.0,2907.0,2907.0,1
479,2423.0,2423.0,2423.0,1
481,3063.0,3063.0,3063.0,1
485,3538.0,3538.0,3538.0,1
486,1802.0,1802.0,1802.0,1
489,3276.0,3276.0,6552.0,2
496,5314.0,5314.0,5314.0,1
507,3473.0,3473.0,3473.0,1
510,3903.0,3903.0,3903.0,1
511,3744.0,3744.0,3744.0,1
512,3588.0,3588.0,3588.0,1
519,2984.0,2984.0,2984.0,1
520,3587.0,3587.0,3587.0,1
528,3424.0,3424.0,3424.0,1
536,4723.0,4723.0,4723.0,1
539,2905.0,2905.0,2905.0,1
543,4710.0,4710.0,4710.0,1
547,5608.0,5608.0,5608.0,1
551,5523.0,5523.0,5523.0,1
591,5479.0,5479.0,5479.0,1
600,3378.0,3378.0,3378.0,1
609,3420.0,3420.0,3420.0,1
624,3886.0,3886.0,3886.0,1
626,5284.0,5284.0,5284.0,1
628,3693.0,3693.0,3693.0,1
629,3285.0,3285.0,3285.0,1
630,4114.0,4114.0,8228.0,2
633,5393.0,5393.0,5393.0,1
639,4106.5,4106.5,8213.0,2
642,4030.0,4030.0,4030.0,1
644,4136.0,4136.0,4136.0,1
646,3468.0,3468.0,3468.0,1
655,5109.0,5109.0,5109.0,1
657,4303.0,4303.0,4303.0,1
664,4221.0,4221.0,4221.0,1
668,4521.0,4521.0,4521.0,1
672,3757.0,3757.0,3757.0,1
677,4368.0,4368.0,4368.0,1
678,4335.0,4335.0,4335.0,1
684,4707.0,4707.0,4707.0,1
697,4580.367,4580.367,4580.367,1
702,6825.0,6825.0,6825.0,1
710,5948.0,5948.0,5948.0,1
716,5700.5,5700.5,11401.0,2
717,6262.0,6262.0,6262.0,1
718,6712.0,6712.0,6712.0,1
719,6681.0,6681.0,6681.0,1
720,6154.0,6154.0,6154.0,1
722,5846.0,5846.0,5846.0,1
726,6044.0,6044.0,6044.0,1
741,7517.0,7517.0,7517.0,1
