date,actual_sales,sarimax_forecast
2017-07-17,11377.0,10427.799841615712
2017-07-18,9816.0,8907.918749137985
2017-07-19,10002.0,9382.846267049252
2017-07-20,8964.0,8146.98865819291
2017-07-21,11043.0,10973.924660671015
2017-07-22,12276.0,14277.519047181953
2017-07-23,15686.0,15731.011059364733
2017-07-24,10864.0,11122.634406459774
2017-07-25,9052.0,9369.376444002904
2017-07-26,9472.0,9296.636200650542
2017-07-27,8061.0,7356.140920836994
2017-07-28,11241.0,10002.28386859056
2017-07-29,13750.0,13180.58190368709
2017-07-30,16847.0,14899.504325182825
2017-07-31,11544.0,10300.854691853496
2017-08-01,12327.0,7387.32365437086
2017-08-02,12494.0,7779.693409473686
2017-08-03,9583.0,5065.627235192418
2017-08-04,11562.0,7351.213350304369
2017-08-05,14189.0,11092.262246257811
2017-08-06,15190.0,12810.899926344828
2017-08-07,10574.0,8446.690984908004
2017-08-08,8693.0,6707.036708438392
2017-08-09,9345.0,6474.101206818297
2017-08-10,8044.0,4500.816701842907
2017-08-11,11088.0,7189.904235045668
2017-08-12,9917.0,10509.101965615999
2017-08-13,12723.0,12227.734516482553
2017-08-14,9665.0,7723.889849373199
2017-08-15,9287.0,5792.338586476328
