store_nbr,total_sales,average_sales,median_sales,sales_std
44,62087553.250089,1117.2452539064457,75.0,2685.282435903931
45,54498010.416674,980.6739080233572,62.0,2384.3214163509037
47,50948310.061006,916.7982088282948,51.0,2222.316799559916
3,50481910.185082,908.4054953048658,64.0,2146.185032766584
49,43420095.783768,781.3304502945368,48.0,1897.8619427407948
46,41896062.1216342,753.9059620246563,36.0,1889.0129152908908
48,35933130.2739365,646.6049498656968,30.0,1668.4939888660213
51,32911489.537604,592.2315111495717,27.0,1352.2091946630296
8,30494286.928015,548.7347392214605,39.0,1275.4239653091345
50,28653020.6246953,515.6017531255902,32.0,1280.8776852647845
11,28325558.481396,509.70917874821856,15.0,1360.2579670437015
7,26952049.582971,484.9933344664759,27.2425,1139.705303774471
9,26409441.0647935,475.22927130197763,18.0,1269.6206549589233
6,25183679.997054,453.17210100507447,29.0,1072.3484348779077
24,23767732.701713,427.6925916237134,19.0,1018.9091077924228
2,21557388.6445642,387.9181718232959,23.217,1079.560489927387
39,20252192.53354,364.4315938519398,16.0,1009.9013428461581
37,19970635.6144784,359.3650690001872,23.0,844.200860429415
27,19188021.3815342,345.2821813419384,18.0,814.6282637503103
4,18909700.380001,340.27388576983014,19.0,801.1282075614308
38,18859999.2605296,339.3795303485496,22.0,838.4878657443688
40,18395757.405968,331.02564971510833,9.0,925.6608715813771
28,18383154.8339259,330.7988705449849,10.0,852.0126570546493
17,18030969.250161,324.4614059267437,10.0,852.4351489044055
31,17746872.701507,319.3491812694702,10.0,834.5512715677811
34,17090734.15915,307.5421823787159,10.0,791.5924220013238
43,16391692.2119096,294.9631507217592,7.0,814.4828880518183
5,15592404.5723532,280.58023055411354,19.0,652.5881489592157
36,15322431.096578,275.722145983193,5.0,739.6245367998386
41,14991039.1385844,269.7588558731807,16.0,668.1162280337212
33,14178501.293449,255.13750258131793,9.0,642.2532411079815
1,14145012.8696541,254.53488932653315,19.0,596.827145994976
18,13259375.6899043,238.598137369616,8.0,618.124506577692
19,13049509.836733,234.82166984691932,8.0,662.2267391065822
20,12920954.5928321,232.50836019635966,0.0,966.1560030963299
23,11651380.6749087,209.66279196193585,13.0,457.4227392045257
15,11451270.022648,206.0618660952998,8.0,542.9299410666407
25,11420997.8725745,205.5171286362647,9.0,561.1609805164773
14,11387918.748218,204.92188059126897,6.0,540.6686642447347
53,11216167.2826831,201.83126903266214,3.0,600.4350094467807
54,11057483.1179049,198.97579928569962,6.0,582.2233069192866
16,10986412.5547492,197.69690770080615,6.0,529.3706744848837
12,10659217.957236,191.8091477225221,6.0,521.5233688274493
13,10523045.81794,189.3587745256604,6.0,551.5550748154507
29,9725157.696084,175.00103822219822,0.0,607.7512255084966
10,9613905.735863,172.9990955132621,5.0,477.2741467517299
21,9255505.91021,166.54980764071834,0.0,651.285834345234
42,8945767.8851627,160.97617298572482,0.0,583.5181363403177
26,7755121.8918648,139.55088699101705,5.0,420.37139932494415
35,7676679.4216696,138.1393403453106,3.0,470.10643927649596
30,7382073.663963,132.83800590158714,5.0,347.580091673119
32,5951795.9975515,107.10062617058051,3.0,334.00436397599685
22,4090201.7408,73.60184518822429,0.0,316.22535292304786
52,2696169.733249,48.51669425698193,0.0,449.11563575322174
