date,actual_sales,xgboost_forecast
2017-07-05,11661.0,11627.06
2017-07-06,8613.0,9310.782
2017-07-07,10729.0,11044.37
2017-07-10,10740.0,10670.076
2017-07-11,8228.0,9929.689
2017-07-12,8692.0,9435.428
2017-07-13,7302.0,7707.345
2017-07-14,10420.0,10792.674
2017-07-17,11377.0,9811.923
2017-07-18,9816.0,10177.641
2017-07-19,10002.0,9325.042
2017-07-20,8964.0,8094.362
2017-07-21,11043.0,10923.902
2017-07-24,10864.0,10316.78
2017-07-25,9052.0,9739.516
2017-07-26,9472.0,9005.718
2017-07-27,8061.0,7857.8394
2017-07-28,11241.0,11682.722
2017-07-31,11544.0,12427.331
2017-08-01,12327.0,11615.249
2017-08-02,12494.0,11509.727
2017-08-03,9583.0,11391.961
2017-08-04,11562.0,12300.931
2017-08-07,10574.0,11383.566
2017-08-08,8693.0,9795.357
2017-08-09,9345.0,9809.486
2017-08-10,8044.0,8321.382
2017-08-11,11088.0,11152.287
2017-08-14,9665.0,10121.69
2017-08-15,9287.0,8620.943
